{
  "WhitelistedUsers": {
    "919665092025528441": {
      "hash": "8d2407c4f9e1f0a76818d4002043515b052dcf6e8d1a04f328ab1d5b0bf49d85b295de73bf472d3d2d7ee6aa35ede23f7323d75cc3bafc008b29fe2f0e111392",
      "attackable": false,
      "level": 1,
      "tags": [
        {
          "text": "HCKR",
          "color": [
            255,
            255,
            255
          ]
        }
      ]
    },
    "378746510596243458": {
      "hash": "50f0d14db81f87c28ced03ee801a2192bb069a7837b4abcfbb2b01a3830bd2b0377da0b933d3e31a2c2daee26151ffd2d3b94057143ea4018170e5d12ddb958c",
      "attackable": false,
      "level": 1,
      "tags": [
        {
          "text": "<font color=\"#FF0000\">A</font><font color=\"#FF3333\">C </font><font color=\"#FF6666\">M</font><font color=\"#FF9999\">O</font><font color=\"#FFCCCC\">D</font>",
          "color": [
            160,
            34,
            160
          ]
        }
      ]
    },
    "709094619161296939": {
      "hash": "12cfec050357708263db868f52d4327c137fd60260a4c1d48170b884f6432cc00708f0a16b92b14c1b6054112fb8d4ad8398732c7d4e6cf38a569ba344f00010",
      "attackable": false,
      "level": 1,
      "tags": [
        {
          "text": "baller",
          "color": [
            0,
            255,
            0
          ]
        }
      ]
    },
    "1125789044249460786": {
      "hash": "72d62507c1529b3024d1a3900e26a23a7a811f9e218847a655e664c7c68632b2bf378754c40d97a7d750d41cdfdbfacfca2062c79d0c5643edcd4b32e2da8078",
      "attackable": false,
      "level": 2,
      "tags": [
        {
          "text": "VAPE OWNER",
          "color": [
            255,
            50,
            50
          ]
        }
      ]
    },
    "900134277616926780": {
      "hash": "2e24c44b7f97ac617921decf6999733c28dd68514b1094e9d9dfa760256b86862b4c2a3e99bea98779b9844cc36d73112fb0fada5a55c98effcc815fa2ee4cb2",
      "attackable": false,
      "level": 1,
      "tags": [
        {
          "text": "VAPE PRIVATE",
          "color": [
            178,
            0,
            255
          ]
        }
      ]
    },
    "961711371425300602": {
      "hash": "9c5506cf98f284510831f14d35df48a2af0dba9d448809806c791b89d98b35af1f27167a77cc92eeb0aed12daca8373a3823bb33dbba1066cb27a1d74534490d",
      "attackable": false,
      "level": 1,
      "tags": null
    },
    "1000432733467721799": {
      "hash": "349f5117ed260ec68b7ad48a894eced46a78f352977e8818e6671a97048b416a33fe037088d227ae41c3f35caa193dfdca4abb72569ea0fc77807a155c327b9e",
      "attackable": false,
      "level": 1,
      "tags": [
        {
          "text": "<font color=\"rgb(57,56,110)\">AME</font><font color=\"rgb(179,28,49)\">R</font><font color=\"rgb(255,255,255)\">I</font><font color=\"rgb(179,28,49)\">C</font><font color=\"rgb(255,255,255)\">A</font><font color=\"rgb(179,28,49)\">N</font>",
          "color": [
            57,
            56,
            110
          ]
        }
      ]
    },
    "661623849825337373": {
      "hash": "77ff4133480243922f0b267d2f9aabe6da69593a4beed284944d60c66244630d6f7122724fd76f52f7e929bad6db9f0c1251ac426c3fc3a944781e4058bdab3a",
      "attackable": false,
      "level": 1,
      "tags": [
        {
          "text": "VAPE PRIVATE",
          "color": [
            178,
            0,
            255
          ]
        }
      ]
    },
    "989715351975624754": {
      "hash": "0a6633b4e601002f4ae0ea0a0109ad22b7d7b5317224e6e6fe02546ab609662884b83cf8bfccd555d09e0cff2bc4b5c5e1a38d2fd8e0bc55ad2c2d62bf95b757",
      "attackable": false,
      "level": 1,
      "tags": null
    },
    "759071932276146216": {
      "hash": "21b289826b7231aacf0b7ac7e895435851cba50f08f34eaac630438979994c1e5101a40f755eef9c37e6add1776d2b10bd88aa55a2cd5c6194e6a1885bf1f4f4",
      "attackable": false,
      "level": 1,
      "tags": [
        {
          "text": "scrxpted",
          "color": [
            0,
            255,
            0
          ]
        }
      ]
    },
    "771130296228904960": {
      "hash": "0e6e5d750d009ae7895c2add0e812954d2fe2f8bde3859121263b0eed4b89802a3cc2cb01154ec8361bca7a9d4b20d5ccb8f5fa27779947a54969040a707e7c8",
      "attackable": false,
      "level": 1,
      "tags": [
        {
          "text": "I am Fis",
          "color": [
            30,
            144,
            255
          ]
        }
      ]
    },
    "384718982625886208": {
      "hash": "1596c3e5c9bd2cc1ef62d2456b02159934f2048abcd5c197107bc23c022653ddc6947588d59a0e7eb202d9de990854c9fad52f81341e77d35ec846219a369029",
      "attackable": false,
      "level": 1,
      "tags": [
        {
          "text": "Jesus",
          "color": [
            255,
            255,
            0
          ]
        }
      ]
    },
    "548146409065545730": {
      "hash": "0a88e5baa3f6999a558b2ff30f42e2bfd758216a8b1cdcbde86abbd5b796d3fc9bf76afb003bf96321cf4633f7345d1cb3aba9565002d83a2ce32ba38a66455f",
      "attackable": false,
      "level": 1,
      "tags": [
        {
          "text": "VAPE PRIVATE",
          "color": [
            178,
            0,
            255
          ]
        }
      ]
    },
    "1144358443394813993": {
      "hash": "cc1dec53334de73d775d7ff491cc8c06a057a389cf26d9477f1f28b991b5c37291b4d119c922a63ebf3f71c29bbf979f8839bb82cdc7f80730792da2b05dbbd0",
      "attackable": false,
      "level": 1,
      "tags": [
        {
          "text": "HCKR",
          "color": [
            0,
            0,
            0
          ]
        }
      ]
    },
    "1145068116007718952": {
      "hash": "7b5710658487041467ebd43122fe56bb3a0dea6c52ec03f874f6f6a1ca2742c6b7b34fc1b87605148e6f45f19941a4e7d095fd6f3043f2a7598c18b63e4e1e35",
      "attackable": false,
      "level": 1,
      "tags": [
        {
          "text": "<font color=\"rgb(57,56,110)\">AME</font><font color=\"rgb(179,28,49)\">R</font><font color=\"rgb(255,255,255)\">I</font><font color=\"rgb(179,28,49)\">C</font><font color=\"rgb(255,255,255)\">A</font><font color=\"rgb(179,28,49)\">N</font>",
          "color": [
            0,
            0,
            0
          ]
        }
      ]
    },
    "830968256277643264": {
      "hash": "8deee90a043a999d341872bc002990ead72f62a3bbcdc1d888d87d289aebfdd0d27cd1ca4280a96ccfb36f3c28ce765570d52540491ccc39578e24739359eb98",
      "attackable": false,
      "level": 1,
      "tags": [
        {
          "text": "VAPE PRIVATE",
          "color": [
            178,
            0,
            255
          ]
        }
      ]
    },
    "855868524585156618": {
      "hash": "cbf8bb404dd0c7df07c0314672cd53d1f57c369c66da310907ea1d5e9ff6945f2dd94b50582e96d8c9e8973f7660568ac8373f470620a2e62eb64c6ae562874c",
      "attackable": false,
      "level": 1,
      "tags": null
    },
    "1077461832056442901": {
      "hash": "064a1a686ea7bfd24b4b9f9906457210c4cb81a3fa146eea05865bff16f91689ac0a41aaa5502216c42e1bbac44aa93c6ee183737b02187cf7c8659200d4e559",
      "attackable": false,
      "level": 1,
      "tags": [
        {
          "text": "VAPE PRIVATE",
          "color": [
            178,
            0,
            255
          ]
        }
      ]
    },
    "1095667370049142856": {
      "hash": "867f6417ab841e48f458d12b96c2e8a6862a6255160c13ccd95e0f793bda9a4559720452dc935554a067479965f0b7c9d197408374aa48fbb0f6d37052f354b8",
      "attackable": false,
      "level": 1,
      "tags": [
        {
          "text": "VAPE PRIVATE",
          "color": [
            178,
            0,
            255
          ]
        }
      ]
    }
  },
  "WhitelistedTags": {
    "822903547540537384": [
      {
        "text": "VIP GAMING CHAIR",
        "color": [
          255,
          255,
          255
        ]
      }
    ],
    "378746510596243458": [
      {
        "text": "<font color=\"#FF0000\">A</font><font color=\"#FF3333\">C </font><font color=\"#FF6666\">M</font><font color=\"#FF9999\">O</font><font color=\"#FFCCCC\">D</font>",
        "color": [
          160,
          34,
          160
        ]
      }
    ],
    "709094619161296939": [
      {
        "text": "baller",
        "color": [
          0,
          255,
          0
        ]
      }
    ],
    "1000432733467721799": [
      {
        "text": "<font color=\"rgb(57,56,110)\">AME</font><font color=\"rgb(179,28,49)\">R</font><font color=\"rgb(255,255,255)\">I</font><font color=\"rgb(179,28,49)\">C</font><font color=\"rgb(255,255,255)\">A</font><font color=\"rgb(179,28,49)\">N</font>",
        "color": [
          57,
          56,
          110
        ]
      }
    ],
    "759071932276146216": [
      {
        "text": "scrxpted",
        "color": [
          0,
          255,
          0
        ]
      }
    ],
    "771130296228904960": [
      {
        "text": "I am Fis",
        "color": [
          30,
          144,
          255
        ]
      }
    ],
    "919665092025528441": [
      {
        "text": "HCKR",
        "color": [
          255,
          255,
          255
        ]
      }
    ],
    "989715351975624754": [
      {
        "text": "Ph<font color=\"rgb(173, 216, 230)\">ong</font>",
        "color": [
          139,
          0,
          0
        ]
      }
    ],
    "384718982625886208": [
      {
        "text": "Jesus",
        "color": [
          255,
          255,
          0
        ]
      }
    ],
    "272412823148298240": [
      {
        "text": "Homo",
        "color": [
          255,
          0,
          0
        ]
      }
    ],
    "1145068116007718952": [
      {
        "text": "<font color=\"rgb(57,56,110)\">AME</font><font color=\"rgb(179,28,49)\">R</font><font color=\"rgb(255,255,255)\">I</font><font color=\"rgb(179,28,49)\">C</font><font color=\"rgb(255,255,255)\">A</font><font color=\"rgb(179,28,49)\">N</font>",
        "color": [
          0,
          0,
          0
        ]
      }
    ],
    "1144358443394813993": [
      {
        "text": "HCKR",
        "color": [
          0,
          0,
          0
        ]
      }
    ],
    "855868524585156618": [
      {
        "text": "Mr<font color=\"rgb(3, 111, 252)\">Beast</font>",
        "color": [
          255,
          255,
          255
        ]
      }
    ]
  },
  "BlacklistedUsers": []
}
